developer,commits,loc_added,loc_deleted,pull_requests,reviews,issues
Snailclimb,76,9105,6712,0,98,0
qksuki,9,23,23,4,0,0
WindLYLY,6,11,7,4,0,0
qiliq,5,69,35,0,0,0
fox-half-tian,3,1661,837,1,0,0
suppered,3,4,4,2,0,0
Dllragon,2,3,3,1,0,0
Chaobk,2,3,3,2,0,0
DavidWhom,2,2,2,2,0,0
sweetning0809,2,2,2,1,0,0
SteamBoatv,1,1,1,1,0,0
qq651901286,1,8,5,1,0,0
gyaatrox,1,1,1,1,0,0
CoisiniAKAM,1,2,1,1,0,0
codesssss,1,1,1,1,0,0
freeok,1,4,3,1,0,0
yuyang123-yy,1,14,0,4,0,0
SDF001,1,1,1,1,0,0
xturboq,1,1,1,1,0,0
scclsy,1,1,1,2,0,0
SakurajimaMaii,1,1,1,1,0,0
T0kisaki-Kurumi,1,1,1,1,0,0
massyot,1,1,1,1,0,0
null-1024,1,4,4,1,0,0
Samsara1994,1,1,1,1,0,0
chingwl,1,1,1,1,0,0
devhikerxyz,1,1,1,2,0,0
Mister-Hope,1,3858,2682,18,1,0
liangkuai,1,1,1,1,0,0
walkkong,0,0,0,1,0,0
MarlonDML,0,0,0,2,0,0
Henrik-Yao,0,0,0,1,0,0
exclusive-human-programmer,0,0,0,0,1,0
lcan520,0,0,0,1,0,0
dwanezhou,0,0,0,1,0,0
stone0090,0,0,0,1,0,0
L-ios,0,0,0,1,0,0
oweson,0,0,0,1,0,0
linxuanqing,0,0,0,1,0,0
ahh556,0,0,0,1,0,0
Vingkin,0,0,0,1,0,0
0212Infinity,0,0,0,1,0,0
guxiaoyue,0,0,0,1,0,0
LiXuYangISZ,0,0,0,1,0,0
zhangxiaofan08,0,0,0,1,0,0
hanfangyuan4396,0,0,0,1,0,0
yzqdev,0,0,0,1,0,0
HEROGUO666,0,0,0,1,0,0
mario-shang,0,0,0,1,0,0
chenzeshenga,0,0,0,1,0,0
yuruyan,0,0,0,1,0,0
processcrash,0,0,0,3,0,0
inclusive-coding-bot,0,0,0,1,0,0
WT-AHA,0,0,0,4,0,0
JuiceApp1e,0,0,0,1,0,0
Lucoding00,0,0,0,1,0,0
cliveyuan,0,0,0,1,0,0
CrazyKid,0,0,0,1,0,0
Jarvan-Song,0,0,0,3,0,0
1autodidact,0,0,0,1,0,0
geomonlin,0,0,0,2,0,0
sdpyy1,0,0,0,1,0,0
YongHe999,0,0,0,1,0,0
Feyl,0,0,0,2,0,0
24match,0,0,0,1,0,0
BaoPiao,0,0,0,1,0,0
zhiyangdata,0,0,0,1,0,0
rrblm,0,0,0,1,0,0
VerneZhong,0,0,0,2,0,0
cl7106786,0,0,0,1,0,0
JarioDaf,0,0,0,1,0,0
lb-xx,0,0,0,1,0,0
18986293910,0,0,0,1,0,0
jiesiro,0,0,0,2,0,0
hx78,0,0,0,1,0,0
wwuuii,0,0,0,1,0,0
renco971015,0,0,0,1,0,0
izayoi5776,0,0,0,1,0,0
Hexrt,0,0,0,1,0,0
cokiesw,0,0,0,1,0,0
homuri,0,0,0,1,0,0
EscapeReality846089495,0,0,0,2,0,0
Mzmba,0,0,0,1,0,0
ImCa0,0,0,0,1,0,0
willseeyou,0,0,0,2,0,0
SiQuan77,0,0,0,1,0,0
lianzhy,0,0,0,1,0,0
wecgwm,0,0,0,1,0,0
super233,0,0,0,1,0,0
kloein,0,0,0,1,0,0
sleepandsheep,0,0,0,2,0,0
shark-ctrl,0,0,0,11,0,0
hyl1995,0,0,0,1,0,0
Blackcat308,0,0,0,1,0,0
Orion2tap,0,0,0,7,0,0
cyunrei,0,0,0,1,0,0
gpgg,0,0,0,1,0,0
zhhaojie,0,0,0,1,0,0
Raxcl,0,0,0,6,0,0
roshankarki77,0,0,0,1,0,0
tonels,0,0,0,2,0,0
LaiDeJi,0,0,0,1,0,0
chang-kun,0,0,0,1,0,0
kyriefang,0,0,0,1,0,0
HasanSANG,0,0,0,1,0,0
rentianle2025,0,0,0,2,0,0
MrDecadent,0,0,0,1,0,0
longyulan,0,0,0,1,0,0
yuezang3,0,0,0,1,0,0
ZapBird,0,0,0,1,0,0
ldywayne,0,0,0,1,0,0
umm233,0,0,0,1,0,0
haonange1314,0,0,0,1,0,0
zdkcomeon,0,0,0,1,0,0
jackfanwan,0,0,0,2,0,0
Carbda,0,0,0,3,0,0
synugzp,0,0,0,1,0,0
Gnatnaituy,0,0,0,1,0,0
kuluqi163,0,0,0,2,0,0
hedonihilist,0,0,0,1,0,0
coderyang123,0,0,0,16,0,0
zhengjianda,0,0,0,1,0,0
Coiggahou2002,0,0,0,1,0,0
Aaron-Ge,0,0,0,7,1,0
lllidany,0,0,0,1,0,0
felix-zheng91,0,0,0,1,0,0
debugjoker,0,0,0,3,0,0
weixsun,0,0,0,3,0,0
linzlb,0,0,0,1,0,0
mo-nian,0,0,0,1,0,0
lp9937,0,0,0,1,0,0
huh0ngtao,0,0,0,1,0,0
error0g,0,0,0,3,0,0
ruyifu159,0,0,0,1,0,0
gongjixiaobai,0,0,0,1,0,0
Qiwenlii,0,0,0,2,0,0
hligaty,0,0,0,1,0,0
1036956372,0,0,0,1,0,0
wuwen8729,0,0,0,1,0,0
Masker99,0,0,0,1,0,0
qiuqianorg,0,0,0,2,0,0
machitaoX,0,0,0,1,0,0
ObSob,0,0,0,1,0,0
anil158,0,0,0,0,1,0
xjlgod,0,0,0,1,0,0
yamonc,0,0,0,2,0,0
Holdonbei,0,0,0,1,0,0
ethanschen,0,0,0,1,0,0
TommyMerlin,0,0,0,4,0,0
Q-Bug4,0,0,0,3,0,0
Churchillhua-wangfei,0,0,0,1,0,0
spirit-unpredictable,0,0,0,5,0,0
StephenLi6,0,0,0,1,0,0
daniubi,0,0,0,6,0,0
RelaxBin,0,0,0,2,0,0
meijia97,0,0,0,1,0,0
xuejiqiuli69,0,0,0,1,0,0
LiuKay,0,0,0,1,0,0
ddmcc,0,0,0,1,0,0
fengx20,0,0,0,2,0,0
zhangqingzhou1024,0,0,0,1,0,0
callmePicacho,0,0,0,6,0,0
liukun2634,0,0,0,7,0,0
booogu,0,0,0,1,0,0
foreverlwx,0,0,0,1,0,0
honourL,0,0,0,2,0,0
xiabin,0,0,0,1,0,0
Kaho-WONG,0,0,0,1,0,0
jun0315,0,0,0,2,0,0
Frank-Star-fn,0,0,0,1,0,0
Itswag,0,0,0,5,0,0
cccuuuhhh,0,0,0,1,0,0
tiancixiong,0,0,0,2,0,0
samho2008,0,0,0,18,0,0
1YJY1,0,0,0,1,0,0
MarkDcc,0,0,0,1,0,0
aa2013,0,0,0,1,0,0
tonngw,0,0,0,1,0,0
nonbutAworker,0,0,0,1,0,0
GaleLQ,0,0,0,2,0,0
macEngine,0,0,0,1,0,0
SummerWen107,0,0,0,1,0,0
lishuihao,0,0,0,1,0,0
mengxx-pro,0,0,0,1,0,0
tianjiaoshanzai,0,0,0,1,0,0
infvdsfg,0,0,0,1,0,0
hujesse83,0,0,0,1,0,0
sn0vvdr3am,0,0,0,3,0,0
huang-x-h,0,0,0,1,0,0
Dwsy,0,0,0,1,0,0
Casflawed,0,0,0,1,0,0
asrod,0,0,0,2,0,0
tscxk,0,0,0,1,0,0
ChangNingbo,0,0,0,1,0,0
wx98,0,0,0,1,0,0
Sheldon7777,0,0,0,1,0,0
DokiYoloo,0,0,0,1,0,0
cyw233,0,0,0,1,0,0
dengyongqiang,0,0,0,1,0,0
EmrysCheng,0,0,0,1,0,0
daviyondaniels,0,0,0,1,0,0
DayuZhu,0,0,0,5,0,0
cxhello,0,0,0,4,0,0
WangjiaW,0,0,0,1,0,0
JiaJiaDong,0,0,0,1,0,0
devhg,0,0,0,1,0,0
JiaoZan,0,0,0,1,0,0
Curvat,0,0,0,1,0,0
ZhoucpSAMA,0,0,0,1,0,0
MSamor,0,0,0,1,0,0
huzhuoyu,0,0,0,1,0,0
duangg,0,0,0,1,0,0
zbzbzzz,0,0,0,3,0,0
Yan1025,0,0,0,1,0,0
LinQi0777,0,0,0,1,0,0
zoy0,0,0,0,1,0,0
hunao0221,0,0,0,2,0,0
cjp0504,0,0,0,1,0,0
ZeroMarker,0,0,0,1,0,0
DMJYY,0,0,0,1,0,0
PL-Joe,0,0,0,1,0,0
Roiocam,0,0,0,1,0,0
skeetyu,0,0,0,2,0,0
qiaoxingxing,0,0,0,2,0,0
843294669,0,0,0,1,0,0
huyangdev,0,0,0,1,0,0
TeRiRi-H,0,0,0,1,0,0
Aden-Q,0,0,0,1,0,0
LeonTheWise,0,0,0,4,0,0
ShimenTian,0,0,0,3,0,0
kikihhe,0,0,0,1,0,0
MrXionGe,0,0,0,2,0,0
skyleaworlder,0,0,0,1,0,0
Victor-PYJ,0,0,0,1,0,0
Dabibio,0,0,0,1,0,0
yugandharraju8099,0,0,0,1,0,0
qq1162411932,0,0,0,1,0,0
Lorin-github,0,0,0,1,0,0
CoderLuShi,0,0,0,1,0,0
matchbean111,0,0,0,1,0,0
viosay,0,0,0,2,0,0
luckyandricky,0,0,0,1,0,0
dengminchuan,0,0,0,2,0,0
kuhnxia,0,0,0,2,0,0
jp-polnareff,0,0,0,1,0,0
wangflyzihao,0,0,0,2,0,0
zouzanyan,0,0,0,2,0,0
smallboatc,0,0,0,6,0,0
galaxylzp,0,0,0,1,0,0
kaltons,0,0,0,1,0,0
dp0d,0,0,0,1,0,0
simeis147,0,0,0,4,0,0
chesha1,0,0,0,1,0,0
Nu11P0interExcepti0n,0,0,0,1,0,0
Egofir,0,0,0,1,0,0
cyuewen,0,0,0,1,0,0
dlfld,0,0,0,1,0,0
xiaoqingwanga,0,0,0,1,0,0
zouwei,0,0,0,1,0,0
carstenliu,0,0,0,1,0,0
Derrors,0,0,0,2,0,0
1020325258,0,0,0,1,0,0
welitis,0,0,0,1,0,0
ustargaze,0,0,0,1,0,0
ddouddle,0,0,0,1,0,0
1125068334,0,0,0,1,0,0
TedLau,0,0,0,6,0,0
mangyimang,0,0,0,1,0,0
haorenlin,0,0,0,1,0,0
Zzr-rr,0,0,0,1,0,0
Longweibing,0,0,0,1,0,0
JosephConrad2017,0,0,0,1,0,0
gaohanghang,0,0,0,2,0,0
MrlittleTim,0,0,0,3,0,0
yqq20001015,0,0,0,1,0,0
uuanqin,0,0,0,1,0,0
weitj1,0,0,0,1,0,0
it985,0,0,0,1,0,0
SS4G0923,0,0,0,1,0,0
paulinkosshenixos,0,0,0,1,0,0
Haoyu99,0,0,0,1,0,0
TymGitHub,0,0,0,1,0,0
blog666,0,0,0,1,0,0
raining0109,0,0,0,1,0,0
firgk,0,0,0,2,0,0
pillarcoin,0,0,0,2,0,0
cybzzz,0,0,0,2,0,0
FengWei2000,0,0,0,11,0,0
FengHaoJ,0,0,0,5,0,0
smy1999,0,0,0,9,0,0
ddeng36,0,0,0,1,0,0
Gemaxis,0,0,0,1,0,0
chillsoul,0,0,0,1,0,0
scwlkq,0,0,0,1,0,0
zcx-666,0,0,0,2,0,0
moon6967,0,0,0,1,0,0
Gunn015,0,0,0,1,0,0
ShermanQ,0,0,0,1,0,0
imlee2021,0,0,0,4,0,0
NopeDl,0,0,0,1,0,0
javashub,0,0,0,1,0,0
deanbear,0,0,0,1,0,0
zqsds,0,0,0,1,0,0
xd502djj,0,0,0,1,0,0
eeeggplant,0,0,0,1,0,0
Smileslime47,0,0,0,1,0,0
dd201702,0,0,0,1,0,0
paopao233,0,0,0,2,0,0
varjakk,0,0,0,1,0,0
allen001,0,0,0,1,0,0
xsg22,0,0,0,2,0,0
luoshieryi,0,0,0,2,0,0
liuyongnong,0,0,0,1,0,0
Darley-Wey,0,0,0,1,0,0
jaywong1024,0,0,0,1,0,0
MisakaWater,0,0,0,1,0,0
asleer,0,0,0,1,0,0
MiniCestbon,0,0,0,2,0,0
yuanrui01,0,0,0,1,0,0
siooooo,0,0,0,1,0,0
linxuanstar,0,0,0,1,0,0
limingzhong61,0,0,0,4,0,0
weijie321,0,0,0,1,0,0
lemonllm,0,0,0,1,0,0
Erzbir,0,0,0,4,0,0
wjcwin,0,0,0,1,0,0
why168,0,0,0,1,0,0
lannntuuu,0,0,0,1,0,0
Coder994,0,0,0,1,0,0
lalalaxjy,0,0,0,1,0,0
xchanper,0,0,0,1,0,0
ReedZheng,0,0,0,1,0,0
NoctisZhao,0,0,0,1,0,0
15168387900,0,0,0,3,0,0
KallenBlue,0,0,0,1,0,0
Yue-plus,0,0,0,1,0,0
ljgong007,0,0,0,1,0,0
Konjacor,0,0,0,1,0,0
Yin-RJ,0,0,0,1,0,0
cckkrr,0,0,0,1,0,0
xtexx,0,0,0,1,0,0
jiahaoXie,0,0,0,1,0,0
jizhuozhi,0,0,0,1,0,0
rain7fine11,0,0,0,6,0,0
openallzzz,0,0,0,1,0,0
wpf008,0,0,0,1,0,0
Horstson,0,0,0,1,0,0
unw9527,0,0,0,1,0,0
CyrilFeng,0,0,0,1,0,0
RuiGao98,0,0,0,1,0,0
Jidcoo,0,0,0,1,0,0
Guogongwei,0,0,0,1,0,0
qzkuan,0,0,0,1,0,0
dependabot[bot],0,0,0,10,0,0
wym199807,0,0,0,1,0,0
uncle-lv,0,0,0,2,0,0
caiming0917,0,0,0,1,0,0
gaozongy,0,0,0,1,0,0
kingstar718,0,0,0,1,0,0
Davin-Lee,0,0,0,2,0,0
nelvko,0,0,0,1,0,0
OSrange,0,0,0,1,0,0
Guofuyinan,0,0,0,2,0,0
san5167,0,0,0,1,0,0
Conquers,0,0,0,3,0,0
syubun,0,0,0,1,0,0
ShiboLu-Stan,0,0,0,1,0,0
andanyoung,0,0,0,1,0,0
liuxiaocs7,0,0,0,3,0,0
FranzLi347,0,0,0,1,0,0
Teamop,0,0,0,1,0,0
Steve662024,0,0,0,13,0,0
goto456,0,0,0,1,0,0
Simon-Ace,0,0,0,1,0,0
WangHuaming111,0,0,0,1,0,0
nfe-w,0,0,0,1,0,0
Nalindas,0,0,0,1,0,0
dataosir,0,0,0,1,0,0
yanghai127,0,0,0,1,0,0
CompetitiveLin,0,0,0,1,0,0
caihj,0,0,0,1,0,0
Pengfei-Lu,0,0,0,1,0,0
huntersman,0,0,0,1,0,0
DaZuiZui,0,0,0,3,0,0
MeLikeJava,0,0,0,1,0,0
wuliaojizhi,0,0,0,1,0,0
handsometaoa,0,0,0,1,0,0
godelgnisEJW,0,0,0,1,0,0
kiteeel,0,0,0,1,0,0
cxrwy,0,0,0,1,0,0
ishikaibin,0,0,0,1,0,0
winter1215,0,0,0,1,0,0
kevin335200,0,0,0,1,0,0
paigeman,0,0,0,11,0,0
Alikbra,0,0,0,0,1,0
Leisiya,0,0,0,1,0,0
Liu-Steve,0,0,0,1,0,0
5ME,0,0,0,2,0,0
gleonSun,0,0,0,1,0,0
VinterHe,0,0,0,10,0,0
rcpenny,0,0,0,1,0,0
MasonYue,0,0,0,1,0,0
lijunn,0,0,0,1,0,0
29206394,0,0,0,1,0,0
jinhao11,0,0,0,2,0,0
hansen0820,0,0,0,1,0,0
bestgrc,0,0,0,1,0,0
yuechuanx,0,0,0,1,0,0
tuweiya,0,0,0,1,0,0
imhansai,0,0,0,2,0,0
IThawk,0,0,0,3,0,0
yunlong66,0,0,0,1,0,0
libai-qqq,0,0,0,3,0,0
Yangdaidai,0,0,0,1,0,0
du007,0,0,0,1,0,0
tianyu94,0,0,0,2,0,0
JingSpring,0,0,0,1,0,0
jasperchen912,0,0,0,1,0,0
lioncruise,0,0,0,1,0,0
Windsooon,0,0,0,1,0,0
HJay9,0,0,0,1,0,0
liuxi1211,0,0,0,3,0,0
supermcdull,0,0,0,1,0,0
EndaLin,0,0,0,1,0,0
sbimochan,0,0,0,1,0,0
xinghuoxg,0,0,0,1,0,0
moa0051,0,0,0,0,1,0
yanggy9501,0,0,0,1,0,0
baymaxxjf,0,0,0,1,0,0
cnLGMing,0,0,0,1,0,0
9monsters,0,0,0,1,0,0
aptkid,0,0,0,1,0,0
sanheng,0,0,0,2,0,0
xuzhenhai,0,0,0,1,0,0
FengtianJiao,0,0,0,1,0,0
Kugin,0,0,0,1,0,0
CarGod,0,0,0,1,0,0
sage417,0,0,0,3,0,0
ynzhang1,0,0,0,1,0,0
binbinbin5,0,0,0,1,0,0
fanchenggang,0,0,0,1,0,0
tangrunfa,0,0,0,1,0,0
zhengweiwang123,0,0,0,1,0,0
zhuyulin0901,0,0,0,2,0,0
yellowgg,0,0,0,8,0,0
LeoLi1993,0,0,0,1,0,0
tonycody,0,0,0,1,0,0
LicoCode,0,0,0,1,0,0
ImmortalCountry,0,0,0,1,0,0
zl0891,0,0,0,2,0,0
fpGHwd,0,0,0,1,0,0
Isolation-Lee,0,0,0,2,0,0
lomofu,0,0,0,1,0,0
iceqing,0,0,0,1,0,0
CrownP,0,0,0,1,0,0
hunghv-0939,0,0,0,1,0,0
baiyan0707,0,0,0,1,0,0
ChenTao-Ji,0,0,0,1,0,0
kyleceeport,0,0,0,1,0,0
liugang5208,0,0,0,1,0,0
NaivePerdant,0,0,0,1,0,0
zhuliangcai,0,0,0,1,0,0
yixxxichen,0,0,0,1,0,0
Match-Yang,0,0,0,1,0,0
Zero-me,0,0,0,1,0,0
q540973436,0,0,0,1,0,0
Palak-137,0,0,0,1,0,0
jimmy-han,0,0,0,1,0,0
chengchena,0,0,0,1,0,0
vayci,0,0,0,1,0,0
Ryze-Zhao,0,0,0,7,0,0
ipofss,0,0,0,15,1,0
WyhLjn,0,0,0,1,0,0
wangxiaowu241,0,0,0,1,0,0
aaaaaaanthony,0,0,0,1,0,0
LSloveYJ,0,0,0,1,0,0
JettZou99,0,0,0,1,0,0
20100507,0,0,0,1,0,0
yidasanqian,0,0,0,3,0,0
endlessc,0,0,0,2,0,0
boren33,0,0,0,1,0,0
opencnnet,0,0,0,4,0,0
cafe3165,0,0,0,1,0,0
houlinchn,0,0,0,1,0,0
q276240802,0,0,0,1,0,0
0ffff,0,0,0,1,0,0
Modrisco,0,0,0,2,0,0
PurestAsh,0,0,0,1,0,0
dgqypl,0,0,0,4,0,0
zachary957,0,0,0,1,0,0
chndgh,0,0,0,1,0,0
jinyahuan,0,0,0,2,0,0
imba-tjd,0,0,0,3,0,0
Silverados,0,0,0,6,0,0
lixd,0,0,0,9,0,0
oldmee,0,0,0,1,0,0
whymesay,0,0,0,1,0,0
MaxWhut2017,0,0,0,1,0,0
Gene1994,0,0,0,7,0,0
spyssor,0,0,0,2,0,0
SivanZeroX,0,0,0,3,0,0
DennisThink,0,0,0,1,0,0
LiWenGu,0,0,0,20,0,0
Tecyang,0,0,0,1,0,0
1260408088,0,0,0,1,0,0
phasd,0,0,0,1,0,0
ilamaheshwari,0,0,0,1,0,0
zhanglijun1217,0,0,0,3,0,0
geyingauv,0,0,0,1,0,0
lzLee,0,0,0,2,0,0
RebeccaZhong,0,0,0,1,0,0
xiaour,0,0,0,1,0,0
gitviscode,0,0,0,2,0,0
xianlaioy,0,0,0,1,0,0
justlive1,0,0,0,1,0,0
liurongdev,0,0,0,1,0,0
sgyyz,0,0,0,1,0,0
gpqhl0071,0,0,0,3,0,0
eternal-flame-AD,0,0,0,1,0,0
Sortinn,0,0,0,1,0,0
kinglaw1204,0,0,0,8,0,0
changfubai,0,0,0,1,0,0
wangchao96,0,0,0,1,0,0
nicozhang,0,0,0,1,0,0
zeason,0,0,0,2,0,0
jiayangchen,0,0,0,2,0,0
itning,0,0,0,1,0,0
autumind,0,0,0,1,0,0
jun1st,0,0,0,2,0,0
lewisbyte,0,0,0,2,0,0
Nightingale07,0,0,0,1,0,0
Duan-Qian,0,0,0,1,0,0
binarywang,0,0,0,1,0,0
fanofxiaofeng,0,0,0,12,0,0
nefuddos,0,0,0,1,0,0
liangpeng9631,0,0,0,1,0,0
yikunZ,0,0,0,1,0,0
menduo,0,0,0,1,0,0
yulizi1937,0,0,0,1,0,0
kid1412621,0,0,0,1,0,0
xinyun7,0,0,0,1,0,0
JoeMinty,0,0,0,6,0,0
WangXiaoNiuNiu,0,0,0,1,0,0
Lysander66,0,0,0,1,0,0
greatgy,0,0,0,1,0,0
tremb1e,0,0,0,1,0,0
spikesp,0,0,0,2,0,0
freestylefly,0,0,0,2,0,0
kklzu,0,0,0,4,0,0
jiuban0513,0,0,0,1,0,0
rawlinxx,0,0,0,1,0,0
leyou240,0,0,0,1,0,0
hongleixia,0,0,0,1,0,0
4Aiur,0,0,0,1,0,0
copywang,0,0,0,2,0,0
Lancelothe,0,0,0,2,0,0
foxboolean,0,0,0,1,0,0
yanglbme,0,0,0,0,1,0
huorj,0,0,0,1,0,0
dongzl,0,0,0,4,0,0
TimerYue,0,0,0,1,0,0
caojiele,0,0,0,1,0,0
maokegithub,0,0,0,3,0,0
xtyangzheng,0,0,0,2,0,0
Flyonsnow,0,0,0,1,0,0
jerryldh,0,0,0,1,0,0
MckayRen,0,0,0,1,0,0
Yannnngk,0,0,0,2,0,0
kevinwang0224,0,0,0,9,0,0
y1yang0,0,0,0,1,0,0
mxsm,0,0,0,1,0,0
GongFuBoy,0,0,0,1,0,0
rongxuning,0,0,0,1,0,0
fqmcnn,0,0,0,2,0,0
keepal7,0,0,0,2,1,0
0xPoe,0,0,0,7,0,0
Camork,0,0,0,1,0,0
SilentTTxo,0,0,0,1,0,0
roadWithDream,0,0,0,3,0,0
forsweet,0,0,0,1,0,0
GBWen,0,0,0,1,0,0
haiqiangJ,0,0,0,4,0,0
pengchen211,0,0,0,1,0,0
kelasang,0,0,0,1,0,0
hello8817,0,0,0,3,0,0
yushihui,0,0,0,1,0,0
sheepix,0,0,0,1,0,0
ssl1995,0,0,0,1,0,0
gsqiang,0,0,0,1,0,0
canomh,0,0,0,1,0,0
pseudoyu,0,0,0,2,0,0
IsCHANo,0,0,0,1,0,0
arthurJHM,0,0,0,1,0,0
richard1102,0,0,0,1,0,0
KANLON,0,0,0,1,0,0
tsunhua,0,0,0,1,0,0
xcalon,0,0,0,2,0,0
ty5491003,0,0,0,1,0,0
coderLinJ5945,0,0,0,1,0,0
NoMindToThink,0,0,0,1,0,0
VergeDX,0,0,0,1,0,0
sleepingraven,0,0,0,2,0,0
sijiao,0,0,0,1,0,0
iloooo,0,0,0,3,0,0
doyokii,0,0,0,1,0,0
huquan0809,0,0,0,1,0,0
QiuYukang,0,0,0,1,0,0
lch110,0,0,0,1,0,0
trushant0501,0,0,0,1,0,0
MurphyL,0,0,0,1,0,0
Pranjalsinghrathore63,0,0,0,1,0,0
nitric0x1de,0,0,0,1,0,0
ooo176,0,0,0,1,0,0
wenpeng,0,0,0,1,0,0
JyFangYang,0,0,0,1,0,0
veast,0,0,0,1,0,0
weiwei91,0,0,0,1,0,0
long9418,0,0,0,1,0,0
Code1667,0,0,0,1,0,0
saowu,0,0,0,3,0,0
realDuYuanChao,0,0,0,2,0,0
juzi214032,0,0,0,12,0,0
hy0619,0,0,0,1,0,0
chairuan,0,0,0,1,0,0
edisonwd,0,0,0,1,0,0
ZhuWeiyang,0,0,0,1,0,0
ZhaoTony,0,0,0,1,0,0
sandeepdixit0401,0,0,0,1,0,0
shahainloong,0,0,0,7,1,0
Hen1ng,0,0,0,1,0,0
tsbxmw,0,0,0,5,0,0
langghaha,0,0,0,1,0,0
DONTWANTTOSLEEP,0,0,0,2,0,0
luoji-jump-road,0,0,0,1,0,0
vcjmhg,0,0,0,2,0,0
anaer,0,0,0,37,0,0
vfmh,0,0,0,1,0,0
UniverseHappiness,0,0,0,1,0,0
sudowanderer,0,0,0,1,0,0
zchazc,0,0,0,1,0,0
lyrl,0,0,0,1,0,0
klogan2023,0,0,0,1,0,0
LeBW,0,0,0,1,0,0
ZengXiaoQiang1,0,0,0,1,0,0
samurai00,0,0,0,1,0,0
dulinchao,0,0,0,0,1,0
water-law,0,0,0,1,0,0
ShiqiRao,0,0,0,2,0,0
BruceLeeChina,0,0,0,1,0,0
jiayanguo,0,0,0,1,0,0
tangj1992,0,0,0,1,0,0
gkdgkdgkdgkd,0,0,0,3,0,0
weiweisang1993,0,0,0,2,0,0
qyaaaa,0,0,0,2,0,0
chchmlml,0,0,0,1,0,0
TimorYang,0,0,0,1,0,0
huiyadanli,0,0,0,1,0,0
georgedage,0,0,0,1,0,0
msumeet,0,0,0,1,0,0
LadyBugLC,0,0,0,3,0,0
Martins3,0,0,0,1,0,0
AaronQcc,0,0,0,1,0,0
sjtugyy,0,0,0,1,0,0
OnePieceJoker,0,0,0,1,0,0
NewbiesCamp,0,0,0,1,0,0
zhenhc,0,0,0,1,0,0
codingLemonzz,0,0,0,1,0,0
redbirdztc,0,0,0,1,0,0
yuyisang,0,0,0,2,0,0
drlifeL,0,0,0,3,0,0
wushizhezhe,0,0,0,1,0,0
lexos2,0,0,0,1,0,0
hallozhm,0,0,0,1,0,0
taoes,0,0,0,1,0,0
jaywhen,0,0,0,1,0,0
zh-Spike,0,0,0,2,0,0
erisonlan,0,0,0,1,0,0
BigOldWei,0,0,0,1,0,0
Xunzhuo,0,0,0,19,0,0
yangguiyong,0,0,0,1,0,0
zaichiyikoua,0,0,0,1,0,0
ambition0802,0,0,0,1,0,0
jiabinl,0,0,0,1,0,0
lc275,0,0,0,1,0,0
rocky-peng,0,0,0,7,0,0
cinguang,0,0,0,1,0,0
GoalSwallow,0,0,0,1,0,0
916019623,0,0,0,2,0,0
Brainhu,0,0,0,1,0,0
qinggeng2015,0,0,0,2,0,0
IDEAShin,0,0,0,1,0,0
AllinProgram,0,0,0,1,0,0
woshichengpeng,0,0,0,2,0,0
ghost,0,0,0,6,0,0
AllstarVirgo,0,0,0,1,0,0
yussuy,0,0,0,1,0,0
telzhou618,0,0,0,1,0,0
guang19,0,0,0,3,0,0
liuzihan7,0,0,0,1,0,0
plutobe,0,0,0,1,0,0
cncsl,0,0,0,5,0,0
KeloLin,0,0,0,1,0,0
lichongxuan,0,0,0,2,0,0
Twdao,0,0,0,1,0,0
huifer,0,0,0,1,0,0
stupidbai,0,0,0,1,0,0
YangShaw,0,0,0,2,0,0
TseKimChau,0,0,0,1,0,0
houzhenguo,0,0,0,1,0,0
GungnirLaevatain,0,0,0,1,0,0
yikaicao,0,0,0,2,0,0
luyuanwan,0,0,0,1,0,0
hyyaoming,0,0,0,1,0,0
shenyanming95,0,0,0,1,0,0
Franub,0,0,0,1,0,0
zongzhang,0,0,0,2,0,0
Louis958824,0,0,0,1,0,0
TangDH03,0,0,0,1,0,0
WeiKangJian,0,0,0,0,1,0
lihuisk,0,0,0,1,0,0
leej0hn,0,0,0,1,0,0
cxyzjp,0,0,0,1,0,0
kim-up,0,0,0,1,0,0
NicknameID,0,0,0,1,0,0
luolin1994,0,0,0,1,0,0
aniiviia,0,0,0,1,0,0
hr157,0,0,0,1,0,0
jingxichen,0,0,0,1,0,0
JavaProgramApe,0,0,0,1,0,0
xiaohema233,0,0,0,1,0,0
selcarpa,0,0,0,1,0,0
wenchunl,0,0,0,1,0,0
kindfisher,0,0,0,1,0,0
asdf123123123,0,0,0,2,0,0
metka495,0,0,0,1,0,0
kcl69,0,0,0,1,0,0
Nictomcat,0,0,0,2,0,0
jiayaoO3O,0,0,0,1,0,0
pkcodenet,0,0,0,1,0,0
das-friday-night,0,0,0,3,0,0
HiAscend,0,0,0,1,0,0
luvsicz,0,0,0,1,0,0
996kid,0,0,0,2,0,0
Creazybird,0,0,0,1,0,0
Jocean,0,0,0,1,0,0
huangshangi,0,0,0,2,0,0
yaonphy,0,0,0,1,0,0
jianxin-yuan,0,0,0,2,0,0
WAYLON,0,0,0,1,0,0
flylai,0,0,0,1,0,0
yelvmiaoyue,0,0,0,1,0,0
wangge63,0,0,0,1,0,0
DeveloperRyan,0,0,0,1,0,0
ZhenghaeHo,0,0,0,2,0,0
xiaoxiangwendao,0,0,0,1,0,0
kianfai,0,0,0,1,0,0
LiParanoid,0,0,0,1,0,0
likun-k,0,0,0,1,0,0
kaizizzz,0,0,0,3,0,0
YuhanL1n,0,0,0,1,0,0
SuciFitz,0,0,0,1,0,0
Mengzuozhu,0,0,0,1,0,0
dz77,0,0,0,1,0,0
mjiuming,0,0,0,1,0,0
jerryqiang,0,0,0,2,0,0
Fuge2015,0,0,0,1,0,0
yazhouasu,0,0,0,5,0,0
codeyu,0,0,0,1,0,0
ZZH86,0,0,0,1,0,0
