repo,pr_number,before,after
MetricsHub/jawk,13,1.0,
MetricsHub/jawk,45,1.0,
MetricsHub/jawk,50,1.0,
MetricsHub/jawk,53,1.0,
MetricsHub/jawk,54,1.0,
MetricsHub/jawk,57,1.0,
MetricsHub/jawk,65,1.0,
MetricsHub/jawk,66,1.0,
MetricsHub/jawk,112,1.0,
MetricsHub/jawk,137,2.0,
MetricsHub/jawk,140,1.0,
MetricsHub/jawk,166,1.0,
MetricsHub/jawk,167,1.0,
MetricsHub/jawk,168,1.0,
OpenHFT/Chronicle-Core,23,2.0,
OpenHFT/Chronicle-Core,30,1.0,
OpenHFT/Chronicle-Core,37,7.0,
OpenHFT/Chronicle-Core,39,1.0,
OpenHFT/Chronicle-Core,41,5.0,
OpenHFT/Chronicle-Core,69,1.0,
OpenHFT/Chronicle-Core,238,2.0,
OpenHFT/Chronicle-Core,239,1.0,
OpenHFT/Chronicle-Core,240,2.0,
OpenHFT/Chronicle-Core,241,1.0,
OpenHFT/Chronicle-Core,247,1.0,
OpenHFT/Chronicle-Core,248,3.0,
OpenHFT/Chronicle-Core,252,1.0,
OpenHFT/Chronicle-Core,255,1.0,
OpenHFT/Chronicle-Core,258,4.0,
OpenHFT/Chronicle-Core,260,1.0,
OpenHFT/Chronicle-Core,261,6.0,
OpenHFT/Chronicle-Core,262,1.0,
OpenHFT/Chronicle-Core,263,1.0,
OpenHFT/Chronicle-Core,267,1.0,
OpenHFT/Chronicle-Core,269,1.0,
OpenHFT/Chronicle-Core,272,1.0,
OpenHFT/Chronicle-Core,275,1.0,
OpenHFT/Chronicle-Core,276,1.0,
OpenHFT/Chronicle-Core,277,1.0,
OpenHFT/Chronicle-Core,279,2.0,
OpenHFT/Chronicle-Core,280,1.0,
OpenHFT/Chronicle-Core,284,1.0,
OpenHFT/Chronicle-Core,286,7.0,
OpenHFT/Chronicle-Core,288,8.0,
OpenHFT/Chronicle-Core,290,8.0,
OpenHFT/Chronicle-Core,292,6.0,
OpenHFT/Chronicle-Core,295,3.0,
OpenHFT/Chronicle-Core,300,30.0,
OpenHFT/Chronicle-Core,302,15.0,
OpenHFT/Chronicle-Core,304,4.0,
OpenHFT/Chronicle-Core,306,2.0,
OpenHFT/Chronicle-Core,307,9.0,
OpenHFT/Chronicle-Core,308,14.0,
OpenHFT/Chronicle-Core,310,2.0,
OpenHFT/Chronicle-Core,312,9.0,
OpenHFT/Chronicle-Core,314,1.0,
OpenHFT/Chronicle-Core,316,6.0,
OpenHFT/Chronicle-Core,317,1.0,
OpenHFT/Chronicle-Core,318,2.0,
OpenHFT/Chronicle-Core,321,4.0,
OpenHFT/Chronicle-Core,323,1.0,
OpenHFT/Chronicle-Core,328,1.0,
OpenHFT/Chronicle-Core,330,1.0,
OpenHFT/Chronicle-Core,333,1.0,
OpenHFT/Chronicle-Core,334,1.0,
OpenHFT/Chronicle-Core,337,1.0,
OpenHFT/Chronicle-Core,338,1.0,
OpenHFT/Chronicle-Core,340,1.0,
OpenHFT/Chronicle-Core,346,1.0,
OpenHFT/Chronicle-Core,348,2.0,
OpenHFT/Chronicle-Core,350,2.0,
OpenHFT/Chronicle-Core,353,1.0,
OpenHFT/Chronicle-Core,355,1.0,
OpenHFT/Chronicle-Core,357,1.0,
OpenHFT/Chronicle-Core,365,3.0,
OpenHFT/Chronicle-Core,366,3.0,
OpenHFT/Chronicle-Core,368,4.0,
OpenHFT/Chronicle-Core,369,3.0,
OpenHFT/Chronicle-Core,371,15.0,
OpenHFT/Chronicle-Core,373,4.0,
OpenHFT/Chronicle-Core,375,5.0,
OpenHFT/Chronicle-Core,377,11.0,
OpenHFT/Chronicle-Core,378,1.0,
OpenHFT/Chronicle-Core,380,1.0,
OpenHFT/Chronicle-Core,382,1.0,
OpenHFT/Chronicle-Core,385,4.0,
OpenHFT/Chronicle-Core,387,1.0,
OpenHFT/Chronicle-Core,388,1.0,
OpenHFT/Chronicle-Core,389,2.0,
OpenHFT/Chronicle-Core,391,6.0,
OpenHFT/Chronicle-Core,393,1.0,
OpenHFT/Chronicle-Core,394,2.0,
OpenHFT/Chronicle-Core,395,1.0,
OpenHFT/Chronicle-Core,398,1.0,
OpenHFT/Chronicle-Core,399,1.0,
OpenHFT/Chronicle-Core,400,2.0,
OpenHFT/Chronicle-Core,403,1.0,
OpenHFT/Chronicle-Core,404,3.0,
OpenHFT/Chronicle-Core,406,1.0,
OpenHFT/Chronicle-Core,408,1.0,
OpenHFT/Chronicle-Core,410,8.0,
OpenHFT/Chronicle-Core,411,2.0,
OpenHFT/Chronicle-Core,413,5.0,
OpenHFT/Chronicle-Core,414,1.0,
OpenHFT/Chronicle-Core,415,2.0,
OpenHFT/Chronicle-Core,417,3.0,
OpenHFT/Chronicle-Core,418,1.0,
OpenHFT/Chronicle-Core,420,2.0,
OpenHFT/Chronicle-Core,422,2.0,
OpenHFT/Chronicle-Core,424,1.0,
OpenHFT/Chronicle-Core,425,3.0,
OpenHFT/Chronicle-Core,426,4.0,
OpenHFT/Chronicle-Core,429,1.0,
OpenHFT/Chronicle-Core,434,1.0,
OpenHFT/Chronicle-Core,435,1.0,
OpenHFT/Chronicle-Core,437,2.0,
OpenHFT/Chronicle-Core,441,2.0,
OpenHFT/Chronicle-Core,442,1.0,
OpenHFT/Chronicle-Core,443,12.0,
OpenHFT/Chronicle-Core,446,36.0,
OpenHFT/Chronicle-Core,448,4.0,
OpenHFT/Chronicle-Core,450,1.0,
OpenHFT/Chronicle-Core,452,1.0,
OpenHFT/Chronicle-Core,453,2.0,
OpenHFT/Chronicle-Core,454,1.0,
OpenHFT/Chronicle-Core,456,1.0,
OpenHFT/Chronicle-Core,458,4.0,
OpenHFT/Chronicle-Core,459,1.0,
OpenHFT/Chronicle-Core,460,1.0,
OpenHFT/Chronicle-Core,461,1.0,
OpenHFT/Chronicle-Core,463,2.0,
OpenHFT/Chronicle-Core,464,1.0,
OpenHFT/Chronicle-Core,465,1.0,
OpenHFT/Chronicle-Core,467,1.0,
OpenHFT/Chronicle-Core,468,1.0,
OpenHFT/Chronicle-Core,471,4.0,
OpenHFT/Chronicle-Core,473,1.0,
OpenHFT/Chronicle-Core,474,1.0,
OpenHFT/Chronicle-Core,475,1.0,
OpenHFT/Chronicle-Core,476,2.0,
OpenHFT/Chronicle-Core,477,1.0,
OpenHFT/Chronicle-Core,478,1.0,
OpenHFT/Chronicle-Core,480,7.0,
OpenHFT/Chronicle-Core,483,1.0,
OpenHFT/Chronicle-Core,489,2.0,
OpenHFT/Chronicle-Core,490,1.0,
OpenHFT/Chronicle-Core,492,1.0,
OpenHFT/Chronicle-Core,494,2.0,
OpenHFT/Chronicle-Core,495,1.0,
OpenHFT/Chronicle-Core,496,1.0,
OpenHFT/Chronicle-Core,498,1.0,
OpenHFT/Chronicle-Core,500,4.0,
OpenHFT/Chronicle-Core,501,3.0,
OpenHFT/Chronicle-Core,502,1.0,
OpenHFT/Chronicle-Core,504,3.0,
OpenHFT/Chronicle-Core,507,1.0,
OpenHFT/Chronicle-Core,508,6.0,
OpenHFT/Chronicle-Core,509,1.0,
OpenHFT/Chronicle-Core,511,2.0,
OpenHFT/Chronicle-Core,520,5.0,
OpenHFT/Chronicle-Core,522,1.0,
OpenHFT/Chronicle-Core,524,5.0,
OpenHFT/Chronicle-Core,525,2.0,
OpenHFT/Chronicle-Core,526,1.0,
OpenHFT/Chronicle-Core,529,2.0,
OpenHFT/Chronicle-Core,530,1.0,
OpenHFT/Chronicle-Core,531,1.0,
OpenHFT/Chronicle-Core,534,3.0,
OpenHFT/Chronicle-Core,535,2.0,
OpenHFT/Chronicle-Core,537,1.0,
OpenHFT/Chronicle-Core,538,2.0,
OpenHFT/Chronicle-Core,541,1.0,
OpenHFT/Chronicle-Core,542,1.0,
OpenHFT/Chronicle-Core,546,1.0,
OpenHFT/Chronicle-Core,547,1.0,
OpenHFT/Chronicle-Core,550,1.0,
OpenHFT/Chronicle-Core,552,1.0,
OpenHFT/Chronicle-Core,553,1.0,
OpenHFT/Chronicle-Core,556,1.0,
OpenHFT/Chronicle-Core,559,1.0,
OpenHFT/Chronicle-Core,562,1.0,
OpenHFT/Chronicle-Core,563,1.0,
OpenHFT/Chronicle-Core,564,3.0,
OpenHFT/Chronicle-Core,565,6.0,
OpenHFT/Chronicle-Core,567,1.0,
OpenHFT/Chronicle-Core,568,1.0,
OpenHFT/Chronicle-Core,569,1.0,
OpenHFT/Chronicle-Core,571,1.0,
OpenHFT/Chronicle-Core,572,3.0,
OpenHFT/Chronicle-Core,573,1.0,
OpenHFT/Chronicle-Core,574,6.0,
OpenHFT/Chronicle-Core,576,6.0,
OpenHFT/Chronicle-Core,577,1.0,
OpenHFT/Chronicle-Core,579,1.0,
OpenHFT/Chronicle-Core,581,1.0,
OpenHFT/Chronicle-Core,582,1.0,
OpenHFT/Chronicle-Core,583,1.0,
OpenHFT/Chronicle-Core,584,3.0,
OpenHFT/Chronicle-Core,585,1.0,
OpenHFT/Chronicle-Core,586,1.0,
OpenHFT/Chronicle-Core,587,3.0,
OpenHFT/Chronicle-Core,590,4.0,
OpenHFT/Chronicle-Core,591,1.0,
OpenHFT/Chronicle-Core,592,2.0,
OpenHFT/Chronicle-Core,593,1.0,
OpenHFT/Chronicle-Core,594,1.0,
OpenHFT/Chronicle-Core,595,1.0,
OpenHFT/Chronicle-Core,596,1.0,
OpenHFT/Chronicle-Core,597,1.0,
OpenHFT/Chronicle-Core,598,1.0,
OpenHFT/Chronicle-Core,599,1.0,
OpenHFT/Chronicle-Core,600,1.0,
OpenHFT/Chronicle-Core,605,1.0,
OpenHFT/Chronicle-Core,608,2.0,
OpenHFT/Chronicle-Core,610,1.0,
OpenHFT/Chronicle-Core,611,3.0,
OpenHFT/Chronicle-Core,612,3.0,
OpenHFT/Chronicle-Core,613,1.0,
OpenHFT/Chronicle-Core,614,1.0,
OpenHFT/Chronicle-Core,615,3.0,
OpenHFT/Chronicle-Core,616,1.0,
OpenHFT/Chronicle-Core,617,1.0,
OpenHFT/Chronicle-Core,618,1.0,
OpenHFT/Chronicle-Core,619,2.0,
OpenHFT/Chronicle-Core,620,1.0,
OpenHFT/Chronicle-Core,621,1.0,
OpenHFT/Chronicle-Core,622,1.0,
OpenHFT/Chronicle-Core,623,2.0,
OpenHFT/Chronicle-Core,624,1.0,
OpenHFT/Chronicle-Core,625,1.0,
OpenHFT/Chronicle-Core,626,1.0,
OpenHFT/Chronicle-Core,628,3.0,
OpenHFT/Chronicle-Core,630,2.0,
OpenHFT/Chronicle-Core,631,1.0,
OpenHFT/Chronicle-Core,632,2.0,
OpenHFT/Chronicle-Core,633,1.0,
OpenHFT/Chronicle-Core,635,1.0,
OpenHFT/Chronicle-Core,636,5.0,
OpenHFT/Chronicle-Core,637,7.0,
OpenHFT/Chronicle-Core,638,7.0,
OpenHFT/Chronicle-Core,640,1.0,
OpenHFT/Chronicle-Core,641,2.0,
OpenHFT/Chronicle-Core,642,1.0,
OpenHFT/Chronicle-Core,643,1.0,
OpenHFT/Chronicle-Core,645,4.0,
OpenHFT/Chronicle-Core,647,5.0,
OpenHFT/Chronicle-Core,648,1.0,
OpenHFT/Chronicle-Core,649,1.0,
OpenHFT/Chronicle-Core,650,1.0,
OpenHFT/Chronicle-Core,651,1.0,
OpenHFT/Chronicle-Core,652,4.0,
OpenHFT/Chronicle-Core,653,1.0,
OpenHFT/Chronicle-Core,657,1.0,
OpenHFT/Chronicle-Core,658,1.0,
OpenHFT/Chronicle-Core,659,1.0,
OpenHFT/Chronicle-Core,661,1.0,
OpenHFT/Chronicle-Core,663,1.0,
OpenHFT/Chronicle-Core,666,1.0,
OpenHFT/Chronicle-Core,669,5.0,
OpenHFT/Chronicle-Core,670,1.0,
OpenHFT/Chronicle-Core,671,1.0,
OpenHFT/Chronicle-Core,673,1.0,
OpenHFT/Chronicle-Core,674,1.0,
OpenHFT/Chronicle-Core,675,1.0,
OpenHFT/Chronicle-Core,676,1.0,
OpenHFT/Chronicle-Core,677,2.0,
OpenHFT/Chronicle-Core,678,1.0,
OpenHFT/Chronicle-Core,682,1.0,
OpenHFT/Chronicle-Core,684,4.0,
OpenHFT/Chronicle-Core,685,4.0,
OpenHFT/Chronicle-Core,687,1.0,
OpenHFT/Chronicle-Core,688,5.0,
OpenHFT/Chronicle-Core,689,3.0,
OpenHFT/Chronicle-Core,690,1.0,
OpenHFT/Chronicle-Core,691,1.0,
OpenHFT/Chronicle-Core,692,1.0,
OpenHFT/JLBH,13,1.0,
OpenHFT/JLBH,15,2.0,
OpenHFT/JLBH,16,1.0,
OpenHFT/JLBH,17,1.0,
OpenHFT/JLBH,19,1.0,
OpenHFT/JLBH,21,7.0,
OpenHFT/JLBH,23,2.0,
OpenHFT/JLBH,25,2.0,
OpenHFT/JLBH,27,1.0,
OpenHFT/JLBH,28,1.0,
OpenHFT/JLBH,29,7.0,
OpenHFT/JLBH,32,1.0,
OpenHFT/JLBH,34,2.0,
OpenHFT/JLBH,35,2.0,
OpenHFT/JLBH,36,1.0,
OpenHFT/JLBH,38,10.0,
OpenHFT/JLBH,39,1.0,
OpenHFT/JLBH,40,2.0,
OpenHFT/JLBH,41,1.0,
OpenHFT/JLBH,42,1.0,
OpenHFT/JLBH,45,1.0,
OpenHFT/JLBH,46,1.0,
OpenHFT/JLBH,51,2.0,
OpenHFT/JLBH,53,2.0,
OpenHFT/JLBH,54,1.0,
OpenHFT/JLBH,55,1.0,
OpenHFT/JLBH,57,1.0,
OpenHFT/JLBH,58,1.0,
OpenHFT/JLBH,62,1.0,
OpenHFT/JLBH,64,1.0,
jdereg/java-util,83,1.0,
jdereg/java-util,96,2.0,
jdereg/json-io,110,1.0,
jdereg/json-io,112,2.0,
jdereg/json-io,195,2.0,
jdereg/json-io,202,5.0,
jdereg/json-io,204,1.0,
jdereg/json-io,206,1.0,
jdereg/json-io,219,1.0,
jdereg/json-io,223,2.0,
jdereg/json-io,233,1.0,
jdereg/json-io,244,1.0,
jdereg/json-io,251,9.0,
jdereg/json-io,253,1.0,
jdereg/json-io,258,2.0,
ohhmm/openmind,5,1.0,
ohhmm/openmind,6,1.0,
ohhmm/openmind,19,1.0,
ohhmm/openmind,46,2.0,
ohhmm/openmind,69,1.0,
ohhmm/openmind,76,1.0,
ohhmm/openmind,81,1.0,
ohhmm/openmind,83,1.0,
ohhmm/openmind,86,1.0,
ohhmm/openmind,91,1.0,
ohhmm/openmind,99,1.0,
ohhmm/openmind,100,1.0,
ohhmm/openmind,102,1.0,
ohhmm/openmind,103,1.0,
ohhmm/openmind,104,1.0,
ohhmm/openmind,105,1.0,
ohhmm/openmind,107,1.0,
ohhmm/openmind,117,1.0,
ohhmm/openmind,170,1.0,
ohhmm/openmind,259,1.0,
ohhmm/openmind,260,1.0,
ohhmm/openmind,263,1.0,
ohhmm/openmind,266,1.0,
ohhmm/openmind,267,1.0,
ohhmm/openmind,272,1.0,
ohhmm/openmind,274,1.0,
ohhmm/openmind,275,1.0,
ohhmm/openmind,280,1.0,
ohhmm/openmind,293,2.0,
ohhmm/openmind,365,1.0,
ohhmm/openmind,403,1.0,
ohhmm/openmind,404,1.0,
ohhmm/openmind,428,1.0,
ohhmm/openmind,492,1.0,
ohhmm/openmind,494,1.0,
ohhmm/openmind,495,1.0,
ohhmm/openmind,496,1.0,
ohhmm/openmind,512,1.0,
ohhmm/openmind,519,1.0,
ohhmm/openmind,520,1.0,
ohhmm/openmind,567,1.0,
ohhmm/openmind,576,1.0,
ohhmm/openmind,603,1.0,
supermarsx/whoisdigger,7,1.0,
wieslawsoltes/Dock,6,1.0,
wieslawsoltes/Dock,11,3.0,
wieslawsoltes/Dock,12,1.0,
wieslawsoltes/Dock,28,1.0,
wieslawsoltes/Dock,29,1.0,
wieslawsoltes/Dock,35,2.0,
wieslawsoltes/Dock,41,1.0,
wieslawsoltes/Dock,44,5.0,
wieslawsoltes/Dock,45,1.0,
wieslawsoltes/Dock,48,1.0,
wieslawsoltes/Dock,49,1.0,
wieslawsoltes/Dock,50,1.0,
wieslawsoltes/Dock,53,1.0,
wieslawsoltes/Dock,54,1.0,
wieslawsoltes/Dock,55,1.0,
wieslawsoltes/Dock,61,1.0,
wieslawsoltes/Dock,62,1.0,
wieslawsoltes/Dock,67,1.0,
wieslawsoltes/Dock,68,1.0,
wieslawsoltes/Dock,83,1.0,
wieslawsoltes/Dock,87,1.0,
wieslawsoltes/Dock,93,1.0,
wieslawsoltes/Dock,94,1.0,
wieslawsoltes/Dock,96,1.0,
wieslawsoltes/Dock,106,1.0,
wieslawsoltes/Dock,110,1.0,
wieslawsoltes/Dock,115,1.0,
wieslawsoltes/Dock,116,1.0,
wieslawsoltes/Dock,119,1.0,
wieslawsoltes/Dock,120,1.0,
wieslawsoltes/Dock,121,1.0,
wieslawsoltes/Dock,122,1.0,
wieslawsoltes/Dock,124,1.0,
wieslawsoltes/Dock,125,1.0,
wieslawsoltes/Dock,126,1.0,
wieslawsoltes/Dock,127,1.0,
wieslawsoltes/Dock,128,1.0,
wieslawsoltes/Dock,129,1.0,
wieslawsoltes/Dock,130,1.0,
wieslawsoltes/Dock,131,1.0,
wieslawsoltes/Dock,133,1.0,
wieslawsoltes/Dock,134,1.0,
wieslawsoltes/Dock,135,1.0,
wieslawsoltes/Dock,137,1.0,
wieslawsoltes/Dock,139,1.0,
wieslawsoltes/Dock,156,7.0,
wieslawsoltes/Dock,157,16.0,
wieslawsoltes/Dock,159,1.0,
wieslawsoltes/Dock,180,1.0,
wieslawsoltes/Dock,183,1.0,
wieslawsoltes/Dock,199,1.0,
wieslawsoltes/Dock,206,1.0,
wieslawsoltes/Dock,208,1.0,
wieslawsoltes/Dock,210,1.0,
wieslawsoltes/Dock,215,1.0,
wieslawsoltes/Dock,224,1.0,
wieslawsoltes/Dock,225,1.0,
wieslawsoltes/Dock,250,1.0,
wieslawsoltes/Dock,352,2.0,
wieslawsoltes/Dock,412,2.0,
MetricsHub/jawk,180,,1.0
MetricsHub/jawk,298,,1.0
MetricsHub/jawk,315,,2.0
MetricsHub/jawk,352,,1.0
OpenHFT/Chronicle-Core,693,,1.0
OpenHFT/Chronicle-Core,736,,1.0
OpenHFT/Chronicle-Core,741,,3.0
OpenHFT/Chronicle-Core,750,,5.0
OpenHFT/Chronicle-Core,760,,2.0
OpenHFT/Chronicle-Core,765,,3.0
OpenHFT/Chronicle-Core,773,,1.0
OpenHFT/Chronicle-Core,786,,1.0
OpenHFT/Chronicle-Core,794,,1.0
OpenHFT/Chronicle-Core,798,,1.0
OpenHFT/Chronicle-Core,812,,3.0
OpenHFT/Chronicle-Core,816,,2.0
OpenHFT/Chronicle-Core,817,,1.0
OpenHFT/Chronicle-Core,818,,1.0
OpenHFT/Chronicle-Core,819,,1.0
OpenHFT/Chronicle-Core,820,,1.0
OpenHFT/Chronicle-Core,821,,1.0
OpenHFT/Chronicle-Core,822,,1.0
OpenHFT/Chronicle-Core,823,,1.0
OpenHFT/Chronicle-Core,824,,1.0
OpenHFT/Chronicle-Core,835,,1.0
OpenHFT/JLBH,171,,1.0
OpenHFT/JLBH,172,,1.0
OpenHFT/JLBH,173,,1.0
RadicalZephyr/bitburner-scripts,334,,2.0
TeamEver/everblock,275,,1.0
TeamEver/everblock,333,,1.0
TeamEver/everblock,345,,1.0
adrianwedd/personal-intelligence-node,149,,1.0
jdereg/java-util,118,,1.0
ohhmm/openmind,296,,12.0
ohhmm/openmind,302,,2.0
ohhmm/openmind,309,,3.0
ohhmm/openmind,311,,2.0
ohhmm/openmind,365,,5.0
ohhmm/openmind,521,,1.0
ohhmm/openmind,603,,1.0
ohhmm/openmind,632,,7.0
ohhmm/openmind,661,,1.0
ohhmm/openmind,663,,1.0
ohhmm/openmind,664,,1.0
ohhmm/openmind,666,,1.0
ohhmm/openmind,672,,1.0
ohhmm/openmind,683,,1.0
ohhmm/openmind,687,,1.0
ohhmm/openmind,688,,3.0
ohhmm/openmind,689,,2.0
ohhmm/openmind,690,,1.0
ohhmm/openmind,694,,1.0
ohhmm/openmind,710,,3.0
ohhmm/openmind,716,,1.0
ohhmm/openmind,717,,2.0
ohhmm/openmind,718,,1.0
ohhmm/openmind,728,,3.0
ohhmm/openmind,729,,2.0
ohhmm/openmind,730,,1.0
ohhmm/openmind,731,,1.0
ohhmm/openmind,732,,2.0
ohhmm/openmind,738,,2.0
ohhmm/openmind,739,,2.0
ohhmm/openmind,741,,1.0
ohhmm/openmind,744,,3.0
ohhmm/openmind,745,,1.0
ohhmm/openmind,747,,2.0
ohhmm/openmind,751,,2.0
ohhmm/openmind,755,,1.0
ohhmm/openmind,756,,1.0
ohhmm/openmind,764,,2.0
ohhmm/openmind,768,,1.0
ohhmm/openmind,770,,8.0
ohhmm/openmind,773,,4.0
ohhmm/openmind,774,,1.0
ohhmm/openmind,775,,5.0
ohhmm/openmind,776,,3.0
ohhmm/openmind,779,,2.0
ohhmm/openmind,780,,1.0
ohhmm/openmind,781,,4.0
ohhmm/openmind,784,,1.0
ohhmm/openmind,785,,4.0
ohhmm/openmind,787,,1.0
ohhmm/openmind,788,,4.0
ohhmm/openmind,789,,4.0
ohhmm/openmind,790,,1.0
ohhmm/openmind,791,,2.0
ohhmm/openmind,792,,2.0
ohhmm/openmind,793,,1.0
ohhmm/openmind,794,,1.0
ohhmm/openmind,795,,4.0
ohhmm/openmind,796,,2.0
ohhmm/openmind,797,,3.0
ohhmm/openmind,798,,2.0
ohhmm/openmind,801,,4.0
ohhmm/openmind,802,,2.0
ohhmm/openmind,803,,3.0
ohhmm/openmind,806,,1.0
ohhmm/openmind,808,,1.0
ohhmm/openmind,813,,1.0
ohhmm/openmind,814,,1.0
ohhmm/openmind,817,,17.0
ohhmm/openmind,818,,1.0
ohhmm/openmind,819,,24.0
ohhmm/openmind,820,,3.0
ohhmm/openmind,823,,1.0
ohhmm/openmind,829,,3.0
ohhmm/openmind,830,,7.0
ohhmm/openmind,833,,1.0
ohhmm/openmind,834,,3.0
ohhmm/openmind,835,,1.0
ohhmm/openmind,836,,3.0
ohhmm/openmind,840,,1.0
ohhmm/openmind,841,,2.0
ohhmm/openmind,842,,1.0
ohhmm/openmind,843,,2.0
ohhmm/openmind,844,,2.0
ohhmm/openmind,860,,1.0
ohhmm/openmind,861,,2.0
ohhmm/openmind,866,,1.0
ohhmm/openmind,867,,1.0
ohhmm/openmind,868,,1.0
ohhmm/openmind,869,,8.0
ohhmm/openmind,870,,5.0
ohhmm/openmind,871,,4.0
ohhmm/openmind,872,,5.0
ohhmm/openmind,874,,3.0
ohhmm/openmind,875,,1.0
ohhmm/openmind,876,,1.0
ohhmm/openmind,878,,2.0
ohhmm/openmind,880,,2.0
ohhmm/openmind,881,,1.0
ohhmm/openmind,882,,2.0
ohhmm/openmind,883,,3.0
ohhmm/openmind,884,,2.0
ohhmm/openmind,885,,1.0
ohhmm/openmind,886,,1.0
ohhmm/openmind,887,,3.0
ohhmm/openmind,888,,2.0
ohhmm/openmind,891,,6.0
ohhmm/openmind,892,,4.0
ohhmm/openmind,893,,1.0
ohhmm/openmind,894,,1.0
ohhmm/openmind,895,,1.0
ohhmm/openmind,897,,3.0
ohhmm/openmind,898,,1.0
ohhmm/openmind,902,,1.0
ohhmm/openmind,904,,3.0
ohhmm/openmind,905,,3.0
ohhmm/openmind,906,,2.0
ohhmm/openmind,945,,1.0
ohhmm/openmind,947,,4.0
ohhmm/openmind,953,,4.0
ohhmm/openmind,965,,1.0
ohhmm/openmind,979,,1.0
ohhmm/openmind,981,,5.0
ohhmm/openmind,993,,3.0
ohhmm/openmind,994,,1.0
ohhmm/openmind,996,,3.0
ohhmm/openmind,997,,2.0
ohhmm/openmind,998,,2.0
ohhmm/openmind,999,,2.0
ohhmm/openmind,1005,,2.0
ohhmm/openmind,1008,,10.0
ohhmm/openmind,1010,,1.0
ohhmm/openmind,1012,,3.0
ohhmm/openmind,1099,,1.0
ohhmm/openmind,1102,,2.0
ohhmm/openmind,1131,,3.0
ohhmm/openmind,1132,,3.0
ohhmm/openmind,1133,,7.0
ohhmm/openmind,1134,,2.0
ohhmm/openmind,1219,,2.0
ohhmm/openmind,1220,,2.0
ohhmm/openmind,1221,,1.0
ohhmm/openmind,1222,,4.0
ohhmm/openmind,1224,,1.0
ohhmm/openmind,1229,,1.0
ohhmm/openmind,1329,,1.0
ohhmm/openmind,1331,,1.0
ohhmm/openmind,1334,,1.0
ohhmm/openmind,1364,,1.0
ohhmm/openmind,1456,,1.0
ohhmm/openmind,1457,,1.0
ohhmm/openmind,1459,,1.0
ohhmm/openmind,1552,,5.0
ohhmm/openmind,1553,,1.0
ohhmm/openmind,1555,,1.0
ohhmm/openmind,1557,,8.0
ohhmm/openmind,1558,,8.0
ohhmm/openmind,1625,,1.0
ohhmm/openmind,1649,,2.0
ohhmm/openmind,1753,,1.0
ohhmm/openmind,1946,,1.0
piotr-gorczynski/Soccer,66,,1.0
piotr-gorczynski/Soccer,339,,1.0
piotr-gorczynski/Soccer,341,,1.0
piotr-gorczynski/Soccer,343,,1.0
piotr-gorczynski/Soccer,346,,1.0
piotr-gorczynski/Soccer,348,,1.0
piotr-gorczynski/Soccer,350,,1.0
piotr-gorczynski/Soccer,352,,1.0
piotr-gorczynski/Soccer,354,,1.0
piotr-gorczynski/Soccer,360,,1.0
piotr-gorczynski/Soccer,363,,1.0
piotr-gorczynski/Soccer,368,,1.0
piotr-gorczynski/Soccer,375,,1.0
piotr-gorczynski/Soccer,378,,2.0
piotr-gorczynski/Soccer,380,,1.0
piotr-gorczynski/Soccer,382,,1.0
piotr-gorczynski/Soccer,384,,1.0
piotr-gorczynski/Soccer,386,,1.0
piotr-gorczynski/Soccer,388,,1.0
piotr-gorczynski/Soccer,390,,1.0
piotr-gorczynski/Soccer,392,,1.0
piotr-gorczynski/Soccer,395,,2.0
piotr-gorczynski/Soccer,399,,1.0
piotr-gorczynski/Soccer,402,,1.0
piotr-gorczynski/Soccer,410,,1.0
piotr-gorczynski/Soccer,412,,1.0
piotr-gorczynski/Soccer,414,,1.0
piotr-gorczynski/Soccer,416,,1.0
piotr-gorczynski/Soccer,418,,1.0
piotr-gorczynski/Soccer,420,,1.0
piotr-gorczynski/Soccer,422,,1.0
piotr-gorczynski/Soccer,424,,1.0
piotr-gorczynski/Soccer,426,,1.0
piotr-gorczynski/Soccer,428,,1.0
piotr-gorczynski/Soccer,430,,1.0
piotr-gorczynski/Soccer,432,,2.0
piotr-gorczynski/Soccer,434,,1.0
piotr-gorczynski/Soccer,438,,2.0
piotr-gorczynski/Soccer,440,,1.0
piotr-gorczynski/Soccer,442,,1.0
piotr-gorczynski/Soccer,444,,1.0
piotr-gorczynski/Soccer,446,,2.0
piotr-gorczynski/Soccer,448,,2.0
piotr-gorczynski/Soccer,450,,1.0
piotr-gorczynski/Soccer,452,,1.0
piotr-gorczynski/Soccer,454,,1.0
piotr-gorczynski/Soccer,456,,2.0
piotr-gorczynski/Soccer,458,,1.0
piotr-gorczynski/Soccer,460,,1.0
piotr-gorczynski/Soccer,462,,1.0
piotr-gorczynski/Soccer,464,,1.0
piotr-gorczynski/Soccer,466,,1.0
piotr-gorczynski/Soccer,468,,1.0
piotr-gorczynski/Soccer,470,,1.0
piotr-gorczynski/Soccer,472,,1.0
piotr-gorczynski/Soccer,474,,1.0
piotr-gorczynski/Soccer,476,,2.0
piotr-gorczynski/Soccer,480,,1.0
piotr-gorczynski/Soccer,482,,1.0
piotr-gorczynski/Soccer,484,,1.0
piotr-gorczynski/Soccer,486,,1.0
piotr-gorczynski/Soccer,489,,1.0
piotr-gorczynski/Soccer,490,,2.0
piotr-gorczynski/Soccer,492,,1.0
piotr-gorczynski/Soccer,494,,1.0
piotr-gorczynski/Soccer,496,,1.0
piotr-gorczynski/Soccer,498,,1.0
piotr-gorczynski/Soccer,500,,2.0
piotr-gorczynski/Soccer,502,,1.0
piotr-gorczynski/Soccer,504,,1.0
piotr-gorczynski/Soccer,506,,1.0
piotr-gorczynski/Soccer,508,,2.0
piotr-gorczynski/Soccer,519,,1.0
piotr-gorczynski/Soccer,522,,1.0
piotr-gorczynski/Soccer,525,,1.0
piotr-gorczynski/Soccer,527,,1.0
piotr-gorczynski/Soccer,529,,1.0
piotr-gorczynski/Soccer,531,,2.0
piotr-gorczynski/Soccer,533,,1.0
piotr-gorczynski/Soccer,535,,1.0
piotr-gorczynski/Soccer,537,,1.0
piotr-gorczynski/Soccer,539,,1.0
piotr-gorczynski/Soccer,541,,1.0
piotr-gorczynski/Soccer,543,,1.0
piotr-gorczynski/Soccer,545,,2.0
piotr-gorczynski/Soccer,547,,1.0
piotr-gorczynski/Soccer,549,,1.0
piotr-gorczynski/Soccer,551,,1.0
piotr-gorczynski/Soccer,553,,2.0
piotr-gorczynski/Soccer,555,,1.0
piotr-gorczynski/Soccer,559,,1.0
piotr-gorczynski/Soccer,565,,2.0
piotr-gorczynski/Soccer,573,,2.0
piotr-gorczynski/Soccer,588,,1.0
piotr-gorczynski/Soccer,590,,1.0
piotr-gorczynski/Soccer,592,,1.0
piotr-gorczynski/Soccer,594,,1.0
piotr-gorczynski/Soccer,596,,1.0
piotr-gorczynski/Soccer,602,,1.0
piotr-gorczynski/Soccer,608,,1.0
piotr-gorczynski/Soccer,610,,1.0
piotr-gorczynski/Soccer,612,,1.0
piotr-gorczynski/Soccer,614,,1.0
piotr-gorczynski/Soccer,616,,1.0
piotr-gorczynski/Soccer,618,,1.0
piotr-gorczynski/Soccer,620,,1.0
piotr-gorczynski/Soccer,622,,1.0
piotr-gorczynski/Soccer,625,,1.0
piotr-gorczynski/Soccer,627,,1.0
piotr-gorczynski/Soccer,629,,1.0
piotr-gorczynski/Soccer,631,,2.0
piotr-gorczynski/Soccer,633,,1.0
piotr-gorczynski/Soccer,638,,1.0
piotr-gorczynski/Soccer,640,,1.0
piotr-gorczynski/Soccer,642,,1.0
piotr-gorczynski/Soccer,644,,1.0
piotr-gorczynski/Soccer,648,,1.0
piotr-gorczynski/Soccer,650,,1.0
piotr-gorczynski/Soccer,658,,1.0
piotr-gorczynski/Soccer,660,,1.0
piotr-gorczynski/Soccer,665,,1.0
piotr-gorczynski/Soccer,667,,1.0
piotr-gorczynski/Soccer,669,,1.0
piotr-gorczynski/Soccer,671,,1.0
piotr-gorczynski/Soccer,673,,1.0
piotr-gorczynski/Soccer,681,,2.0
piotr-gorczynski/Soccer,683,,1.0
piotr-gorczynski/Soccer,691,,1.0
piotr-gorczynski/Soccer,693,,1.0
piotr-gorczynski/Soccer,696,,2.0
piotr-gorczynski/Soccer,700,,1.0
piotr-gorczynski/Soccer,709,,1.0
piotr-gorczynski/Soccer,713,,1.0
piotr-gorczynski/Soccer,716,,1.0
piotr-gorczynski/Soccer,718,,1.0
piotr-gorczynski/Soccer,720,,1.0
piotr-gorczynski/Soccer,728,,1.0
piotr-gorczynski/Soccer,731,,1.0
piotr-gorczynski/Soccer,735,,1.0
piotr-gorczynski/Soccer,737,,1.0
piotr-gorczynski/Soccer,741,,1.0
piotr-gorczynski/Soccer,746,,1.0
piotr-gorczynski/Soccer,748,,3.0
piotr-gorczynski/Soccer,750,,1.0
piotr-gorczynski/Soccer,752,,1.0
piotr-gorczynski/Soccer,756,,1.0
piotr-gorczynski/Soccer,759,,1.0
piotr-gorczynski/Soccer,761,,1.0
piotr-gorczynski/Soccer,763,,1.0
piotr-gorczynski/Soccer,765,,1.0
piotr-gorczynski/Soccer,773,,1.0
piotr-gorczynski/Soccer,775,,1.0
piotr-gorczynski/Soccer,777,,1.0
piotr-gorczynski/Soccer,779,,2.0
piotr-gorczynski/Soccer,781,,1.0
piotr-gorczynski/Soccer,785,,1.0
piotr-gorczynski/Soccer,787,,2.0
piotr-gorczynski/Soccer,789,,1.0
piotr-gorczynski/Soccer,791,,1.0
piotr-gorczynski/Soccer,793,,1.0
piotr-gorczynski/Soccer,795,,1.0
piotr-gorczynski/Soccer,797,,1.0
piotr-gorczynski/Soccer,799,,1.0
piotr-gorczynski/Soccer,801,,1.0
piotr-gorczynski/Soccer,803,,3.0
piotr-gorczynski/Soccer,805,,1.0
piotr-gorczynski/Soccer,809,,1.0
piotr-gorczynski/Soccer,811,,1.0
piotr-gorczynski/Soccer,815,,1.0
piotr-gorczynski/Soccer,819,,1.0
piotr-gorczynski/Soccer,822,,2.0
piotr-gorczynski/Soccer,824,,1.0
piotr-gorczynski/Soccer,828,,1.0
piotr-gorczynski/Soccer,830,,1.0
piotr-gorczynski/Soccer,833,,1.0
piotr-gorczynski/Soccer,838,,1.0
piotr-gorczynski/Soccer,840,,2.0
piotr-gorczynski/Soccer,842,,1.0
piotr-gorczynski/Soccer,844,,1.0
piotr-gorczynski/Soccer,846,,2.0
piotr-gorczynski/Soccer,848,,1.0
piotr-gorczynski/Soccer,850,,1.0
piotr-gorczynski/Soccer,851,,1.0
piotr-gorczynski/Soccer,852,,1.0
piotr-gorczynski/Soccer,854,,1.0
piotr-gorczynski/Soccer,856,,1.0
piotr-gorczynski/Soccer,859,,1.0
piotr-gorczynski/Soccer,861,,1.0
piotr-gorczynski/Soccer,863,,3.0
piotr-gorczynski/Soccer,867,,1.0
supermarsx/smtp-burst,170,,1.0
supermarsx/smtp-burst,178,,1.0
supermarsx/smtp-burst,183,,1.0
supermarsx/whoisdigger,845,,1.0
supermarsx/whoisdigger,856,,1.0
supermarsx/whoisdigger,858,,1.0
triblespace/tribles-rust,306,,1.0
wieslawsoltes/Dock,461,,2.0
wieslawsoltes/Dock,530,,1.0
wieslawsoltes/Dock,534,,1.0
wieslawsoltes/Dock,538,,2.0
wieslawsoltes/Dock,554,,1.0
wieslawsoltes/Dock,564,,1.0
wieslawsoltes/Dock,603,,1.0
wieslawsoltes/Dock,610,,1.0
wieslawsoltes/Dock,684,,2.0
wieslawsoltes/Dock,687,,1.0
wieslawsoltes/Dock,788,,1.0
wieslawsoltes/Dock,793,,1.0
wieslawsoltes/Dock,817,,1.0
wieslawsoltes/Dock,848,,4.0
wieslawsoltes/Dock,849,,3.0
wieslawsoltes/Dock,884,,1.0
wieslawsoltes/Dock,885,,2.0
wieslawsoltes/Dock,886,,1.0
wieslawsoltes/Dock,891,,1.0
wieslawsoltes/Dock,908,,1.0
wieslawsoltes/Dock,909,,1.0
wieslawsoltes/Dock,911,,3.0
wieslawsoltes/Dock,913,,1.0
wieslawsoltes/Dock,914,,1.0
wieslawsoltes/Dock,915,,1.0
wieslawsoltes/Dock,937,,1.0
